{"MSE": 0.6556631045308968, "R2": 0.34491102042782973}